id,number,funcsim_whole,funcsim_segment_0/2,funcsim_segment_1/2
M39-12_noise_v1,39,0.01744527883563018,0.013766845229059285,0.01685242526745213
M42-12_noise_v1,42,0.011134835181602147,0.001259118050481763,0.0225898008549777
M44-12_noise_v1,44,0.022088021807612747,0.019430393765094485,0.020720538894549674
M45-12_noise_v1,45,0.03898762985123088,0.03662858714333022,0.0361524525603394
M46-12_noise_v1,46,0.01717298151476854,0.017939023299512552,0.014546181330257807
M251-6_noise_v1,251,0.01513064261921243,0.009787857499433322,0.0200616087892759
M254-6_noise_v1,254,0.022837044185385878,0.020171201735885193,0.023612144579772613
