id,number,nvc_whole,nvc_segment_0/2,nvc_segment_1/2,lag_whole,lag_segment_0/2,lag_segment_1/2
M39-12_noise_v1,39,0.00024260742098260985,-3.9270903639972706e-05,0.001330150523657549,-0.03801494345718901,-0.031308898761443195,-0.20224993268712976
M42-12_noise_v1,42,-0.0007135623466378368,-0.00144333004478389,-0.0005006082772525984,0.03090468196232046,0.0846185413169185,0.21952620779705276
M44-12_noise_v1,44,-0.00036861029336274773,-0.0020087735336034216,-0.00035568470937058516,0.13427614439895796,0.4155563825828062,0.003126163007071096
M45-12_noise_v1,45,8.796694790836328e-05,-0.00018280633858998015,0.0005623576977575412,0.09685415035968542,0.21145029632114506,0.061724253606172425
M46-12_noise_v1,46,0.0004628604845542941,0.00038450678259666153,0.001103578262490344,0.060947860341073135,0.05584236581765392,0.18588567280794047
M251-6_noise_v1,251,-9.68372892493037e-05,0.00015408859457589105,0.0008197257757357586,0.18798493314290962,0.26479750778816197,0.2928850024638153
M254-6_noise_v1,254,-0.00010685300041091214,0.0003393779252931328,-0.0005560013140227454,0.20155177692646606,0.21451561111484493,0.39842133954641523
