id,number,GCaMP,age,cohort,monitoring_frame_range,sex,funcsim_whole,funcsim_segment_0/2,funcsim_segment_1/2
M39-12_v1_no_mvmt,39,False,12,,"(88, 4695)",F,0.25127655473006055,0.24759736751536063,0.2352137253812522
M42-12_v1_no_mvmt,42,False,12,,"(113, 4794)",F,0.12421533497559895,0.10988974913825215,0.13676036856921153
M44-12_v1_no_mvmt,44,False,12,,"(93, 4987)",M,0.3250837805492751,0.37472040732039164,0.2760322582589705
M45-12_v1_no_mvmt,45,False,12,,"(81, 4877)",M,0.021902031571088252,0.12577266505804593,0.19515433223806808
M46-12_v1_no_mvmt,46,False,12,,"(116, 4835)",M,0.382870340043634,0.3896584075577291,0.39948039113732625
M251-6_v1_no_mvmt,251,WT,6,,"(52, 4966)",F,0.6309923676039915,0.6641182616311507,0.4521932558970557
M254-6_v1_no_mvmt,254,False,6,,"(51, 4955)",M,0.41268416033651023,0.34284731532055135,0.5282813491427523
