id,number,GCaMP,age,cohort,monitoring_frame_range,sex,funcsim_whole,funcsim_segment_0/2,funcsim_segment_1/2
M308-8_v1_no_mvmt,308,True,8,2,"(88, 7378)",F,0.6660700322884576,0.6923030483962685,0.3905337377238488
M308-10_v1_no_mvmt,308,True,10,2,"(111, 7328)",F,0.47916363620906743,0.4493241247026599,0.5439228649694032
M308-12_v1_no_mvmt,308,True,12,2,"(135, 7630)",F,0.525875984408613,0.5445905589613395,0.3747453590260539
M308-14_v1_no_mvmt,308,True,14,2,"(107, 7269)",F,0.5151732964296684,0.4538446998844849,0.5230156595940876
