id,number,GCaMP,age,cohort,monitoring_frame_range,sex,funcsim_whole,funcsim_segment_0/20,funcsim_segment_1/20,funcsim_segment_2/20,funcsim_segment_3/20,funcsim_segment_4/20,funcsim_segment_5/20,funcsim_segment_6/20,funcsim_segment_7/20,funcsim_segment_8/20,funcsim_segment_9/20,funcsim_segment_10/20,funcsim_segment_11/20,funcsim_segment_12/20,funcsim_segment_13/20,funcsim_segment_14/20,funcsim_segment_15/20,funcsim_segment_16/20,funcsim_segment_17/20,funcsim_segment_18/20,funcsim_segment_19/20,funcsim_segment_0/2,funcsim_segment_1/2
M308-8_v1,308,False,8,2,"(88, 7378)",F,0.6163838784118673,0.6776152039071218,0.0746098199886488,0.3596639368658889,0.3712725360737683,0.2965033548895579,0.3376904520246537,0.3574607935776099,0.3269077090926238,0.3749255946509591,0.4337460763114761,0.2112342763028376,0.3172721140208914,0.3221260956621439,0.2054262305668296,0.2351662045728816,0.1632763369074064,0.0023823342803151,0.010255080019106,0.0050356040606545,-0.0112974666581921,0.6522610908527718,0.21855980868564506
M308-10_v1,308,False,10,2,"(111, 7328)",F,0.352052967791282,0.4006712113661527,0.250401824530447,0.3696122379196106,0.2240639768626177,0.3727470181875121,0.4137516630467948,0.3559171233112386,0.4464244631698607,0.3589181708632706,0.3279294904736475,0.3617494413770188,0.4068277813074336,0.3155423709057836,0.3446868501248373,0.3673569893528691,0.3554359046404349,0.3287896803589757,0.3207794740523876,0.2405113832489386,0.1710662445553446,0.3459303308270306,0.4115448415617122
M308-12_v1,308,False,12,2,"(135, 7630)",F,0.5288300551490517,0.2945790101515205,0.5898980896521352,0.626345435099833,0.48398829923229,0.3671136747492023,0.3711217188266202,0.4360651895602327,0.4164594433265141,0.4305209500383859,0.4723085861275441,0.5164176954042583,0.3188035892637438,0.3332514805858545,0.3476414094271726,0.3821344491386135,0.2299596457232575,0.332489845401663,0.2292296436209146,0.0502019814713212,0.154977232612878,0.5964005502340792,0.35777363572702253
M308-14_v1,308,False,14,2,"(107, 7269)",F,0.5116766560047674,0.2038471948462636,0.4987582285182109,0.4391149679308004,0.2611065492280143,0.2119780984911361,0.3708645677274076,0.4891570542074817,0.6549273308422211,0.538178824103724,0.4750984113281215,0.4186588261615497,0.3865049592859712,0.5372643831101607,0.4388142234590386,0.3361632254748617,0.2811648825498269,0.325098012866708,0.1581133074472475,0.1105109520205954,0.0817660938358719,0.4523283501647773,0.48081278280098577