id,number,GCaMP,age,cohort,monitoring_frame_range,sex,GCaMP_funcrep_segment_0/2,GCaMP_funcrep_segment_1/2,dHbT_funcrep_segment_0/2,dHbT_funcrep_segment_1/2
M308-8_v1_no_mvmt,308,True,8,2,"(88, 7378)",F,0.9985353042395049,0.6436296334600655,0.9815388555960857,0.8357317301029361
M308-10_v1_no_mvmt,308,True,10,2,"(111, 7328)",F,0.998082443710855,0.7537596452564124,0.9869887820948113,0.9173714919057641
M308-12_v1_no_mvmt,308,True,12,2,"(135, 7630)",F,0.9977385901770268,0.8803604097957626,0.8918061345286799,0.9228485970929613
M308-14_v1_no_mvmt,308,True,14,2,"(107, 7269)",F,0.9982735518921325,0.9075892344280365,0.9805575511058673,0.8957717716346628
