id,number,GCaMP,age,cohort,monitoring_frame_range,sex,GCaMP_modularity_whole,GCaMP_modularity_segment_0/2,GCaMP_modularity_segment_1/2,dHbT_modularity_whole,dHbT_modularity_segment_0/2,dHbT_modularity_segment_1/2
M308-8_v1_no_mvmt,308,True,8,2,"(88, 7378)",F,0.0459301260208517,0.042651911404885744,0.13665139027689435,0.06320998037224426,0.06889421950576882,0.051149252174403234
M308-10_v1_no_mvmt,308,True,10,2,"(111, 7328)",F,0.12051616326687299,0.11884119999107405,0.14192173948124506,0.18846290987153125,0.21288831677184816,0.14285620712669012
M308-12_v1_no_mvmt,308,True,12,2,"(135, 7630)",F,0.04875807516557758,0.04350185084218074,0.12234523573051065,0.05888357969704302,0.09640995424311949,0.037006254677909085
M308-14_v1_no_mvmt,308,True,14,2,"(107, 7269)",F,0.10266054680539304,0.0935385387579549,0.19330790916170124,0.21591338162883814,0.24381186615936895,0.1791791885455361
