id,number,GCaMP,age,cohort,monitoring_frame_range,sex,nvc_whole,nvc_segment_0/2,nvc_segment_1/2,lag_whole,lag_segment_0/2,lag_segment_1/2
M308-8_v1_no_mvmt,308,True,8,2,"(88, 7378)",F,0.24160876949441681,0.29062402757014394,0.09361894726030186,0.20149509689287995,0.12412889949020156,0.09680713405983506
M308-10_v1_no_mvmt,308,True,10,2,"(111, 7328)",F,0.15076020239208984,0.15972958298659068,0.09192797600229853,0.18125094653945178,-0.07567772224746326,0.26167651067696496
M308-12_v1_no_mvmt,308,True,12,2,"(135, 7630)",F,0.11375309303710773,0.16489908165745915,0.07019581389240227,0.14501192532280616,-0.377728431614442,0.43662307755572
M308-14_v1_no_mvmt,308,True,14,2,"(107, 7269)",F,0.168181589903524,0.174618660181365,0.12160470799055234,0.08503299913582794,-0.2507628421318283,0.13786220662124027
